Generation,Zeit,Spieldauer,Stapel,Flach,Diagonal,Unentschieden,Hoechste Fitness
0,21.33,10.3,9792,72,36,0,149
1,18.58,9.5,9827,59,14,0,144
2,19.02,9.5,9765,88,46,1,143
3,18.64,9.7,9735,103,62,0,143
4,20.37,10.5,9737,130,32,1,145
5,26.18,9.8,9812,55,33,0,128
6,25.0,9.6,9767,96,36,1,133
7,26.46,10.7,9749,105,45,1,138
8,28.07,11.4,9665,166,68,1,144
9,29.73,12.2,9556,215,129,0,154
10,32.14,11.6,9569,236,95,0,158
11,32.66,11.3,9601,211,87,1,151
12,27.7,10.9,9547,244,108,1,156
13,27.42,10.5,9497,314,89,0,137
14,28.76,10.8,9426,345,129,0,143
15,29.54,11.5,9437,376,86,1,161
16,34.79,13.0,9098,605,197,0,156
17,33.55,12.9,9343,442,115,0,148
18,35.67,13.6,9323,422,153,2,144
19,35.07,13.2,9339,358,203,0,161
20,34.81,13.4,9278,412,210,0,190
21,32.04,12.4,9444,302,153,1,178
22,31.06,11.9,9279,455,166,0,140
23,26.6,10.1,9638,153,109,0,144
24,26.96,10.1,9648,133,119,0,173
25,22.01,8.3,9823,51,26,0,167
26,23.23,8.8,9858,38,4,0,179
27,24.94,9.7,9764,120,16,0,176
28,27.07,10.2,9804,78,16,2,186
29,27.63,10.6,9759,114,27,0,185
30,27.6,10.5,9624,252,24,0,155
31,27.19,10.4,9664,204,32,0,163
32,27.59,10.5,9587,280,33,0,177
33,30.01,11.5,9462,368,67,3,153
34,30.93,11.9,9468,342,84,6,155
35,27.27,10.3,9777,104,19,0,150
36,24.12,9.2,9862,28,10,0,159
37,28.35,10.8,9733,153,14,0,175
38,31.22,11.9,9743,104,49,4,182
39,31.7,12.5,9572,205,122,1,151
40,32.11,12.0,9525,201,169,5,153
41,27.58,10.7,9652,143,101,4,168
42,26.14,9.7,9783,86,29,2,159
43,28.54,10.8,9687,161,50,2,164
44,33.79,13.0,9302,533,52,13,159
45,39.06,14.9,9205,586,104,5,179
46,39.24,15.0,9032,733,110,25,172
47,43.34,16.7,8465,1322,104,9,154
48,40.78,15.4,8529,1279,87,5,150
49,33.73,13.0,8841,1003,55,1,150
50,32.13,12.2,9187,635,78,0,133
51,32.09,12.1,9030,761,109,0,152
52,33.45,12.7,9059,716,123,2,146
53,31.82,11.9,8882,906,112,0,166
54,34.03,13.0,8200,1527,162,11,169
55,30.98,13.0,8595,1047,249,9,159
56,37.66,14.1,8500,1097,292,11,156
57,35.1,13.4,8767,912,216,5,180
58,33.2,12.3,9078,687,130,5,179
59,31.31,11.7,9095,676,125,4,167
60,31.77,11.8,9016,753,131,0,161
61,32.24,11.9,9407,376,114,3,150
62,31.97,12.6,8637,1178,81,4,151
63,35.69,13.7,8549,1274,77,0,151
64,36.46,14.2,8704,1044,150,2,152
65,35.25,13.8,8497,1100,297,6,160
66,34.78,13.5,8523,1007,367,3,170
67,31.2,11.8,8850,729,320,1,152
68,27.05,10.3,9281,432,187,0,153
69,27.14,10.3,9684,183,32,1,165
70,33.67,13.0,9455,394,51,0,169
71,32.97,12.5,9463,410,27,0,158
72,33.69,13.0,9492,369,39,0,161
73,32.35,12.4,9485,384,27,4,158
74,30.35,11.5,9334,522,44,0,153
75,29.39,10.9,9704,171,24,1,145
76,27.62,10.3,9717,157,25,1,136
77,27.51,10.5,9493,389,17,1,155
78,28.46,10.4,9369,507,24,0,148
79,28.23,10.1,9348,534,18,0,130
80,28.05,10.2,9720,173,7,0,139
81,30.46,11.3,9724,158,18,0,163
82,29.21,11.1,9600,264,35,1,164
83,24.24,8.9,9742,130,28,0,174
84,28.09,10.2,9363,376,161,0,169
85,35.72,13.1,8846,413,641,0,163
86,36.31,13.3,9071,451,378,0,172
87,37.46,13.9,9205,504,191,0,155
88,37.05,13.6,9299,450,151,0,156
89,32.61,12.5,9542,289,68,1,163
90,34.14,12.7,9420,337,143,0,167
91,33.35,12.0,9342,433,123,2,166
92,33.91,12.6,9116,677,107,0,157
93,37.47,13.8,8694,956,250,0,153
94,37.12,14.0,8531,1159,210,0,186
95,34.36,13.1,8948,774,178,0,188
96,34.35,13.1,9428,404,68,0,160
97,36.84,14.1,9772,112,16,0,158
98,37.13,14.0,9736,141,23,0,169
99,38.61,14.5,9758,111,31,0,150
100,37.6,14.3,9736,125,39,0,146
101,32.94,12.2,9602,207,91,0,168
102,31.34,11.8,9400,339,161,0,166
103,35.42,13.1,9049,616,235,0,165
104,33.67,12.6,9441,394,65,0,167
105,32.08,12.2,9679,139,82,0,197
106,31.72,12.1,9622,227,51,0,187
107,30.88,11.7,9623,180,97,0,180
108,30.59,11.8,9794,82,24,0,159
109,30.69,11.9,9842,15,43,0,142
110,27.48,10.4,9889,4,7,0,163
111,28.69,10.7,9891,5,4,0,148
112,32.53,12.1,9881,9,10,0,145
113,35.9,13.4,9846,24,30,0,155
114,40.3,15.0,9734,107,59,0,174
115,40.22,15.3,9735,131,34,0,173
116,43.97,16.5,9708,125,67,0,146
117,46.23,17.5,9785,88,26,1,157
118,46.33,17.5,9799,94,7,0,149
119,44.58,17.0,9755,95,50,0,157
120,41.33,15.6,9731,136,32,1,146
121,39.66,14.7,9836,42,22,0,161
122,34.96,12.7,9856,30,14,0,169
123,31.98,11.6,9862,26,12,0,168
124,33.01,12.0,9729,144,25,2,164
125,37.12,13.8,9713,139,48,0,175
126,34.51,12.9,9589,222,89,0,156
127,34.16,13.0,9570,240,90,0,158
128,34.46,12.8,9480,364,53,3,152
129,32.42,12.0,9739,143,18,0,155
130,31.3,11.7,9808,73,19,0,159
131,30.16,11.2,9806,84,10,0,166
132,31.41,11.7,9850,37,13,0,152
133,31.87,11.8,9868,21,11,0,135
134,30.89,11.5,9896,2,2,0,195
135,30.69,11.6,9880,13,7,0,162
136,33.03,12.4,9780,111,7,2,175
137,36.85,14.0,9788,98,13,1,165
138,33.81,14.1,9698,171,31,0,161
139,31.89,14.5,9704,178,18,0,159
140,34.4,14.5,9775,95,30,0,158
141,26.54,15.1,9710,168,22,0,151
142,27.73,15.8,9711,132,57,0,167
143,27.87,15.8,9752,95,52,1,161
144,28.84,15.9,9750,100,50,0,148
145,27.57,14.6,9764,104,31,1,142
146,25.37,13.5,9807,54,39,0,147
147,23.59,12.9,9803,54,42,1,135
148,23.69,12.7,9848,31,21,0,145
149,23.37,12.8,9876,18,6,0,139
150,23.55,12.7,9821,55,24,0,152
151,22.62,12.5,9837,37,26,0,174
152,22.62,12.4,9773,62,65,0,189
153,22.4,12.2,9784,83,33,0,158
154,21.92,11.8,9771,75,54,0,164
155,23.04,12.6,9686,114,99,1,174
156,24.81,13.7,9564,163,172,1,159
157,24.59,13.4,9691,93,116,0,156
158,26.14,14.1,9668,31,201,0,154
159,26.81,14.8,9661,57,182,0,156
160,25.79,14.2,9659,112,128,1,158
161,24.94,13.8,9647,150,103,0,148
162,25.27,13.7,9720,106,73,1,181
163,25.17,13.8,9684,123,93,0,157
164,25.72,14.1,9480,234,185,1,159
165,25.47,14.0,9589,200,110,1,150
166,25.54,13.8,9595,141,161,3,158
167,25.74,14.0,9538,194,167,1,158
168,25.27,14.0,9612,175,113,0,153
169,26.46,14.7,9640,141,119,0,156
170,27.02,14.6,9457,265,176,2,155
171,25.72,14.1,9402,253,237,8,148
172,25.33,13.5,9559,206,135,0,136
173,24.35,13.4,9635,193,72,0,138
174,24.62,13.5,9595,191,113,1,135
175,26.17,14.5,9525,241,134,0,154
176,26.58,14.5,9553,247,99,1,144
177,25.78,14.0,9677,154,69,0,148
178,24.15,13.2,9612,185,101,2,144
179,21.65,11.7,9733,108,59,0,153
180,22.34,12.3,9690,116,94,0,166
181,30.59,16.4,9317,304,279,0,159
182,32.34,16.9,9333,326,241,0,162
183,34.11,18.2,9233,422,239,6,176
184,34.24,16.9,9453,206,239,2,161
185,32.28,16.8,9430,305,163,2,157
186,41.29,16.0,9456,274,170,0,168
187,39.08,15.4,9497,277,126,0,161
188,39.37,15.5,9564,214,122,0,168
189,39.61,15.8,9552,270,78,0,163
190,41.22,16.3,9381,369,150,0,167
191,40.98,16.1,9558,263,78,1,151
192,42.51,16.8,9426,340,131,3,157
193,41.84,16.2,9453,340,107,0,154
194,39.93,15.6,9384,373,139,4,153
195,39.18,15.2,9284,480,133,3,153
196,37.1,14.7,9243,486,171,0,162
197,33.94,13.6,9362,298,240,0,137
198,31.81,12.5,9563,218,119,0,141
199,31.52,12.4,9451,377,69,3,156
200,32.13,12.8,9448,344,108,0,151
201,31.8,12.6,9488,318,94,0,152
202,32.86,13.1,9496,280,123,1,153
203,34.47,13.8,9347,423,130,0,157
204,38.08,14.3,9512,283,105,0,170
205,38.76,15.3,9507,251,142,0,152
206,39.76,15.6,9452,286,157,5,162
207,38.88,15.5,9511,220,169,0,157
208,41.42,15.8,9436,223,240,1,159
209,41.0,15.8,9336,296,266,2,154
210,40.53,15.6,9333,290,275,2,141
211,41.0,15.9,9368,287,241,4,150
212,39.15,14.8,9327,317,254,2,148
213,38.44,14.6,9355,377,165,3,146
214,36.73,14.3,9169,486,244,1,151
215,36.93,14.6,9178,544,175,3,146
216,38.0,14.7,9156,612,132,0,150
217,39.65,15.5,9286,337,274,3,167
218,38.94,15.1,9180,383,336,1,173
219,36.98,14.4,9209,444,246,1,166
220,36.82,14.3,8809,739,352,0,152
221,39.13,15.0,8758,638,497,7,154
222,33.82,15.7,8305,1155,432,8,152
223,25.26,14.7,8809,780,308,3,167
224,25.15,14.1,8473,1173,254,0,151
225,23.0,13.2,8512,1192,195,1,148
226,21.7,12.4,8947,813,140,0,155
227,23.9,13.3,8749,910,241,0,162
228,24.98,13.0,8868,904,128,0,172
229,25.15,13.5,8787,935,177,1,166
230,25.01,13.4,8699,1002,199,0,153
231,22.96,13.0,8319,1412,169,0,142
232,22.91,13.0,8334,1435,131,0,160
233,27.3,14.4,8086,1611,201,2,156
234,25.11,13.3,7556,2158,186,0,154
235,20.29,10.9,5802,4045,53,0,153
236,21.85,11.4,7506,2310,84,0,173
237,21.97,12.0,7603,2223,74,0,158
238,22.48,12.8,7821,1955,124,0,145
239,24.5,13.0,8112,1680,108,0,145
240,32.04,12.8,8253,1531,116,0,149
241,32.44,12.6,8529,1251,120,0,150
242,28.94,11.3,9453,387,60,0,172
243,29.78,11.7,9500,323,77,0,158
244,35.52,14.1,9332,279,289,0,182
245,34.89,13.8,8316,1519,65,0,157
246,34.49,13.2,7097,2711,92,0,170
247,29.33,11.5,4219,5512,167,2,160
248,24.91,9.4,2244,7472,184,0,174
249,27.96,10.9,4342,5398,160,0,174
250,32.8,12.7,5905,3790,203,2,168
251,34.14,13.5,6367,3180,353,0,155
252,38.31,15.2,7020,2338,542,0,153
253,37.65,15.1,7093,2197,609,1,152
254,38.58,15.6,6858,2412,628,2,146
255,40.19,16.4,7492,1668,739,1,144
256,36.67,15.0,8275,1045,579,1,162
257,37.41,15.3,8280,983,635,2,151
258,38.76,15.4,8175,1128,595,2,149
259,38.62,15.5,7880,1339,680,1,146
260,37.31,15.2,7914,1366,619,1,149
261,33.97,13.9,8525,946,423,6,168
262,33.15,13.2,8996,574,329,1,176
263,30.99,12.9,9368,392,140,0,181
264,31.24,13.2,9155,425,317,3,169
265,31.64,13.4,9298,395,207,0,172
266,32.32,13.9,8982,679,236,3,175
267,31.66,13.1,9315,342,243,0,171
268,36.38,14.8,8805,767,328,0,158
269,38.13,15.7,8635,808,457,0,152
270,37.59,15.5,8653,872,374,1,146
271,39.7,16.6,8358,1031,511,0,136
272,40.58,16.9,7598,1623,671,8,145
273,38.95,16.2,7733,1617,542,8,143
274,34.56,14.5,8078,1320,502,0,142
275,33.2,13.8,8967,632,295,6,145
276,33.68,14.3,9100,675,125,0,167
277,36.0,15.2,8102,1405,393,0,166
278,41.78,16.9,7178,2109,607,6,153
279,38.61,15.7,8019,1412,466,3,166
280,30.08,12.2,9354,318,228,0,174
281,33.39,13.3,9437,182,281,0,175
282,35.57,14.2,9448,233,219,0,166
283,35.06,14.3,9398,290,212,0,175
284,35.53,14.3,9307,275,318,0,175
285,37.8,14.8,9144,448,308,0,167
286,36.18,14.3,9220,469,211,0,177
287,34.69,14.2,8986,588,326,0,177
288,36.79,15.0,9107,543,250,0,164
289,36.28,14.7,9062,638,200,0,164
290,36.32,14.8,9083,601,216,0,157
291,40.01,16.2,8729,913,255,3,161
292,40.1,16.2,8478,1209,213,0,168
293,40.69,16.4,8168,1523,209,0,162
294,39.02,16.2,7558,2042,299,1,141
295,39.61,16.2,7731,1850,317,2,156
296,37.99,15.5,6864,2664,372,0,159
297,37.77,15.1,7485,2069,346,0,147
298,32.45,15.7,8071,1489,340,0,145
299,27.68,15.8,8206,1299,395,0,150
300,30.45,15.5,8287,1258,355,0,153
301,40.04,15.1,8020,1610,270,0,154
302,37.79,15.3,8394,1158,348,0,141
303,40.01,16.3,8472,883,545,0,155
304,42.11,16.6,8465,992,443,0,152
305,42.55,16.8,8323,930,647,0,143
306,41.55,16.5,8670,790,440,0,157
307,40.05,16.3,8619,690,591,0,141
308,38.25,15.1,9050,570,280,0,146
309,37.93,14.9,8917,715,268,0,140
310,39.77,15.5,8776,813,311,0,140
311,37.41,15.1,8922,685,293,0,139
312,38.06,15.0,8783,808,309,0,157
313,37.31,15.2,8411,1035,454,0,155
314,37.51,15.0,8658,862,379,1,154
315,40.45,16.1,8240,1194,466,0,151
316,47.97,17.8,8177,1161,560,2,155
317,43.49,17.4,8422,1003,475,0,162
318,41.52,16.6,8536,859,503,2,156
319,38.98,15.3,8788,800,310,2,153
320,35.9,14.5,8517,1088,291,4,150
321,35.55,14.2,8671,944,283,2,148
322,38.51,15.2,8324,1159,417,0,141
323,39.83,15.8,8437,982,479,2,147
324,39.26,15.8,8050,1325,525,0,152
325,38.58,15.0,8816,827,257,0,148
326,39.52,15.8,8761,868,271,0,161
327,40.21,15.8,8756,778,366,0,145
328,38.84,15.7,8683,833,382,2,148
329,39.47,15.9,8429,945,526,0,147
330,39.53,15.9,8119,1057,724,0,148
331,42.68,17.2,7544,1027,1326,3,165
332,42.6,17.0,7794,1322,783,1,153
333,41.91,17.1,7810,1389,700,1,160
334,42.53,17.3,6514,2399,985,2,146
335,44.18,17.5,5911,3245,744,0,147
336,44.77,18.1,6046,3090,764,0,181
337,46.15,18.5,6682,2399,816,3,178
338,45.22,18.3,7352,1625,920,3,164
339,46.23,18.5,7021,1989,888,2,168
340,46.67,18.7,6966,1684,1247,3,162
341,47.05,19.2,6265,1656,1976,3,146
342,46.66,18.9,7106,1434,1357,3,147
343,46.87,19.3,7021,1241,1631,7,149
344,45.66,18.6,7031,1177,1688,4,163
345,44.71,17.9,7570,943,1387,0,169
346,44.75,18.1,7133,1387,1380,0,148
347,43.1,17.7,7118,1640,1141,1,159
348,40.6,16.6,6980,2213,707,0,168
349,40.27,16.1,7534,1448,918,0,169
350,40.45,16.6,7680,1442,777,1,158
351,40.65,16.9,7730,1040,1130,0,163
352,40.58,16.5,8234,1002,664,0,147
353,41.31,17.4,8262,737,899,2,157
354,44.26,18.0,8409,793,698,0,140
355,46.77,18.1,8466,862,565,7,141
356,44.17,17.7,8631,735,533,1,149
357,44.89,18.5,8186,1032,682,0,152
358,43.12,17.6,7818,1427,652,3,157
359,42.68,16.9,7308,1952,640,0,130
360,43.94,17.4,7271,1749,880,0,132
361,45.46,17.9,7770,1378,752,0,161
362,46.42,18.4,7785,1216,899,0,150
363,40.7,16.3,7750,1518,630,2,149
364,40.08,16.0,7211,2188,501,0,153
365,39.9,16.0,7126,2309,465,0,155
366,41.63,16.8,7020,2072,807,1,165
367,39.08,16.3,6891,2402,607,0,140
368,33.28,16.2,7211,2206,483,0,142
369,44.89,17.9,8247,1103,549,1,159
370,49.65,19.6,8339,956,605,0,165
371,46.92,18.3,8200,1024,676,0,156
372,40.04,15.6,6991,2286,623,0,134
373,36.53,14.4,6193,3018,689,0,142
374,36.18,14.2,5907,3536,457,0,144
375,39.59,15.1,6580,2664,656,0,153
376,43.85,17.2,8117,875,908,0,145
377,48.26,18.7,8492,450,958,0,154
378,44.19,16.8,7113,1350,1437,0,142
379,41.69,15.8,6040,1547,2313,0,151
380,38.71,14.8,5722,2409,1769,0,145
381,38.89,14.5,6651,2432,817,0,154
382,40.07,15.5,6929,2234,736,1,150
383,40.41,15.1,6597,2393,907,3,137
384,40.6,15.5,7315,1503,1082,0,136
385,47.64,17.7,8730,340,830,0,171
386,44.51,17.2,8936,432,532,0,158
387,45.89,17.2,9002,188,710,0,150
388,41.48,16.0,7752,654,1494,0,160
389,40.5,15.7,6942,1053,1905,0,170
390,41.62,15.7,6960,881,2059,0,153
391,37.36,14.6,8268,746,886,0,141
392,37.44,14.2,7724,930,1246,0,151
393,35.46,13.8,7354,1335,1211,0,145
394,31.48,12.2,8480,1220,200,0,150
395,31.54,12.5,8860,623,417,0,161
396,34.5,14.0,8094,268,1538,0,154
397,36.88,15.1,6055,155,3690,0,158
398,36.57,15.0,7263,78,2559,0,167
399,35.74,14.1,9063,114,723,0,152
400,32.19,13.2,9454,95,351,0,145
401,30.42,12.6,9612,121,167,0,137
402,31.14,12.5,9330,55,515,0,133
403,33.22,13.2,8884,69,947,0,144
404,33.29,13.2,9533,125,242,0,150
405,32.59,13.5,9517,226,157,0,175
406,34.85,14.3,9210,380,310,0,163
407,39.31,15.5,8609,346,945,0,143
408,35.46,14.9,8556,287,1057,0,137
409,35.77,14.9,8309,345,1246,0,149
410,33.04,13.8,8381,209,1310,0,160
411,34.21,14.1,7843,706,1351,0,152
412,34.98,14.4,7583,762,1555,0,147
413,33.15,14.0,8432,504,964,0,153
414,30.29,12.6,9039,338,521,2,161
415,22.93,10.9,9294,450,156,0,136
416,17.5,9.1,9900,0,0,0,135
417,17.39,9.0,9900,0,0,0,105
418,17.97,9.2,9900,0,0,0,111
419,18.1,9.3,9898,0,2,0,111
420,19.08,9.8,9887,2,11,0,117
421,20.79,10.8,9832,43,25,0,126
422,20.4,10.7,9829,37,34,0,113
423,19.57,10.2,9829,35,36,0,107
424,19.19,9.8,9862,1,37,0,107
425,19.25,10.0,9784,28,88,0,116
426,18.49,9.5,9883,12,5,0,108
427,18.78,9.8,9883,9,8,0,136
428,19.52,10.1,9795,10,95,0,166
429,20.16,10.5,9721,73,106,0,149
430,22.1,11.7,9471,268,161,0,149
431,23.36,12.4,9504,255,141,0,137
432,24.28,12.8,9301,354,245,0,135
433,24.89,13.0,9083,542,275,0,181
434,29.67,15.7,7880,1277,743,0,180
435,33.44,18.0,6126,2454,1319,1,180
436,35.33,18.8,5603,2995,1302,0,165
437,30.23,16.2,7918,1697,285,0,154
438,29.8,15.7,7687,2067,146,0,144
439,32.48,17.3,5562,4094,244,0,168
440,32.1,16.9,5428,4166,306,0,166
441,29.99,16.2,5881,3721,298,0,165
442,29.83,15.8,7242,2322,336,0,156
443,32.17,17.1,6615,3122,163,0,159
444,37.29,19.9,6211,3362,327,0,159
445,36.57,19.5,5384,3948,567,1,149
446,35.24,18.4,5570,3549,781,0,145
447,35.96,18.6,5773,3431,696,0,139
448,34.48,18.1,5947,3358,589,6,139
449,37.05,19.8,5512,3982,401,5,148
450,37.54,20.1,4452,5152,296,0,134
451,36.72,19.6,4442,5194,264,0,157
452,36.13,19.2,3920,5821,159,0,173
453,35.47,18.8,4147,5647,106,0,180
454,34.38,18.6,3949,5678,273,0,185
455,35.91,19.4,3590,5767,543,0,184
456,35.19,18.7,5439,3389,1072,0,159
457,32.72,17.3,6597,2016,1287,0,136
458,33.3,17.6,6642,2025,1232,1,132
459,31.79,17.0,6530,2200,1170,0,125
460,30.96,16.6,5268,2955,1677,0,127
461,29.95,15.6,4967,3653,1280,0,118
462,30.72,16.3,4566,3550,1784,0,120
463,29.34,15.3,4739,3368,1793,0,119
464,28.9,15.3,3080,4916,1904,0,114
465,29.59,15.6,4141,3400,2359,0,119
466,29.03,15.3,3154,3939,2807,0,117
467,29.52,15.5,2170,5081,2649,0,118
468,28.62,15.5,2999,3793,3108,0,113
469,32.12,16.7,4976,1623,3301,0,111
470,32.0,16.9,6363,1283,2254,0,111
471,32.38,17.0,5191,2049,2659,1,120
472,31.08,16.3,5081,2057,2762,0,137
473,31.07,16.8,4145,2467,3288,0,116
474,30.18,15.9,2804,4391,2705,0,135
475,31.1,16.4,3143,2870,3887,0,139
476,31.82,16.6,2877,3928,3094,1,141
477,31.03,16.7,2956,3735,3209,0,123
478,32.95,17.5,3366,3056,3478,0,120
479,34.03,18.0,3366,3180,3353,1,120
480,36.15,19.1,3633,2236,4029,2,130
481,31.92,17.0,5264,1285,3351,0,126
482,32.52,17.3,3785,2730,3385,0,122
483,31.23,16.9,3864,2198,3838,0,119
484,32.12,16.8,4292,2313,3295,0,116
485,31.47,16.4,4897,1982,3021,0,127
486,31.91,17.0,4707,2100,3093,0,140
487,30.58,15.9,5044,1525,3329,2,110
488,28.78,14.6,5009,929,3962,0,113
489,27.47,14.4,5099,871,3930,0,131
490,31.13,16.1,5580,2340,1966,14,129
491,29.69,15.7,5914,2212,1774,0,142
492,32.33,17.0,4291,2974,2635,0,134
493,32.52,17.3,3646,3435,2819,0,132
494,32.55,17.2,2923,3704,3273,0,129
495,32.42,17.2,2526,4010,3364,0,131
496,34.05,18.1,1389,4309,4202,0,138
497,34.15,18.4,1183,5837,2880,0,139
498,37.08,18.3,1585,4012,4303,0,133
499,32.56,17.3,2153,3063,4684,0,154
500,35.66,17.6,3480,2667,3752,1,141
501,44.15,18.2,1760,3166,4973,1,149
502,49.18,19.0,2261,2799,4838,2,136
503,49.15,19.3,2514,4104,3282,0,141
504,49.4,19.0,2758,4237,2890,15,137
505,48.2,19.2,4731,2919,2239,11,148
506,43.02,17.1,6426,2044,1421,9,145
507,43.8,17.3,6565,2255,1079,1,157
508,49.48,19.7,3172,4741,1980,7,154
509,41.4,17.2,2531,6047,1322,0,158
510,43.08,16.8,3595,4780,1525,0,141
511,45.81,17.3,5685,2413,1789,13,149
512,46.59,17.7,5723,1884,2290,3,150
513,44.25,17.2,4752,1795,3353,0,158
514,46.29,17.8,4521,2898,2481,0,150
515,48.25,18.4,4983,3730,1185,2,159
516,49.29,18.8,5104,3794,1002,0,177
517,47.43,18.5,5030,4010,860,0,164
518,48.04,19.0,5537,3372,991,0,168
519,47.44,18.2,5824,2883,1193,0,173
520,48.23,18.4,5258,3604,1037,1,158
521,45.69,18.1,5117,3803,980,0,147
522,45.92,17.8,5435,3011,1454,0,145
523,44.28,17.1,5631,2728,1541,0,150
524,46.14,18.0,6936,1548,1416,0,169
525,50.38,19.4,7197,1147,1556,0,179
526,48.58,18.6,6670,1684,1546,0,169
527,47.78,18.4,5894,2507,1499,0,153
528,49.76,18.8,5380,3380,1140,0,170
529,45.92,18.0,3455,5227,1218,0,141
530,43.34,16.7,3787,5621,491,1,155
531,45.22,17.1,2931,6453,516,0,164
532,47.28,17.3,3998,4955,947,0,156
533,48.23,17.9,3711,4284,1905,0,145
534,50.89,19.6,3628,3886,2386,0,167
535,50.78,19.7,3653,4058,2189,0,156
536,50.32,19.3,4562,3673,1665,0,143
537,53.34,19.5,4689,3853,1358,0,167
538,46.1,19.3,4722,4041,1134,3,161
539,37.39,19.0,4710,4143,1038,9,166
540,45.98,19.4,4575,3994,1331,0,164
541,39.48,18.9,4775,3835,1290,0,164
542,41.96,19.1,4113,4249,1538,0,149
543,45.65,19.8,3834,4233,1833,0,156
544,51.83,20.4,4388,3587,1925,0,158
545,52.93,20.6,5270,2624,2006,0,148
546,53.16,21.0,6096,1283,2521,0,153
547,52.44,20.7,6856,761,2282,1,149
548,50.51,19.6,7368,628,1904,0,169
549,51.8,19.9,6363,679,2858,0,163
550,50.22,19.5,7850,514,1536,0,151
551,47.57,18.5,7962,432,1506,0,157
552,42.49,16.3,8977,140,783,0,161
553,37.32,14.6,9384,181,335,0,167
554,37.93,14.6,9430,83,387,0,150
555,38.38,14.9,9103,489,308,0,161
556,40.76,15.8,8023,1794,83,0,174
557,43.07,16.3,8375,1497,28,0,182
558,44.31,16.9,8502,1232,166,0,181
559,44.02,16.7,8028,1584,288,0,183
560,45.2,17.2,8255,1352,293,0,162
561,44.85,17.4,8033,1528,339,0,157
562,41.01,15.7,8718,851,331,0,143
563,38.49,14.7,9192,629,79,0,129
564,37.71,14.3,9606,258,36,0,124
565,26.48,13.9,9793,78,29,0,124
566,26.46,14.1,9576,315,9,0,124
567,27.01,14.4,9501,325,74,0,128
568,26.27,14.1,9621,239,40,0,127
569,26.92,14.1,9146,670,84,0,123
570,26.81,14.5,8950,895,55,0,127
571,26.94,14.1,9345,453,102,0,119
572,25.77,13.6,9635,258,7,0,113
573,26.81,13.3,9729,157,14,0,110
574,24.92,13.1,9758,130,12,0,107
575,25.4,12.9,9888,0,12,0,107
576,28.17,13.3,9809,64,27,0,113
577,24.0,12.9,9880,20,0,0,107
578,25.38,13.3,9870,8,22,0,110
579,24.7,13.2,9879,6,15,0,107
580,25.98,13.6,9895,3,2,0,113
581,28.11,13.4,9865,9,26,0,106
582,33.32,13.8,9783,58,59,0,113
583,26.61,13.7,9830,11,59,0,115
584,24.52,13.2,9841,55,4,0,109
585,24.05,13.1,9791,105,4,0,105
586,24.33,13.1,9865,13,22,0,103
587,22.68,12.8,9877,20,3,0,104
588,22.2,12.7,9900,0,0,0,100
589,23.04,13.0,9898,2,0,0,103
590,23.73,13.1,9896,3,1,0,106
591,23.74,13.0,9891,6,3,0,105
592,23.0,13.0,9895,3,2,0,103
593,23.24,13.3,9865,12,23,0,107
594,22.29,13.0,9900,0,0,0,102
595,23.71,13.7,9887,10,3,0,107
596,23.97,13.8,9840,46,14,0,110
597,24.61,14.1,9862,16,22,0,111
598,26.26,13.3,9887,8,5,0,105
599,35.17,13.9,9835,23,42,0,113
600,34.92,13.6,9868,20,12,0,110
601,32.12,12.8,9890,2,8,0,104
602,33.1,12.8,9898,2,0,0,101
603,27.57,13.2,9875,12,13,0,106
604,24.96,13.0,9900,0,0,0,101
605,24.98,13.1,9877,15,8,0,103
606,24.67,13.4,9881,3,16,0,109
607,23.88,13.2,9879,7,14,0,105
608,24.66,13.1,9847,29,24,0,104
609,23.49,13.1,9900,0,0,0,100
610,23.78,13.4,9900,0,0,0,106
611,24.02,13.5,9894,6,0,0,106
612,24.3,13.2,9894,5,1,0,102
613,24.33,13.3,9880,19,1,0,104
614,26.65,13.4,9836,54,10,0,106
615,24.72,13.2,9847,15,38,0,103
616,24.44,13.1,9890,1,9,0,104
617,24.27,13.2,9897,0,3,0,107
618,25.42,13.4,9874,25,1,0,106
619,25.74,13.9,9831,67,2,0,109
620,25.94,13.6,9861,38,1,0,109
621,24.72,13.5,9808,91,1,0,104
622,25.51,13.4,9889,10,1,0,104
623,28.11,13.3,9888,12,0,0,103
624,25.09,13.4,9886,13,1,0,105
625,24.92,13.1,9893,6,1,0,100
626,30.35,13.0,9900,0,0,0,99
627,24.54,13.3,9861,37,2,0,105
628,33.42,13.6,9830,66,4,0,108
629,26.55,13.2,9879,17,4,0,104
630,24.32,13.3,9858,24,18,0,105
631,24.56,13.2,9879,20,1,0,104
632,24.59,13.4,9868,16,16,0,104
633,23.25,13.1,9892,3,5,0,101
634,22.55,13.0,9893,7,0,0,101
635,23.47,13.3,9885,15,0,0,105
636,23.2,13.2,9867,27,6,0,103
637,23.27,13.3,9827,6,67,0,106
638,27.64,13.1,9899,1,0,0,106
639,31.78,13.3,9869,21,10,0,104
640,33.88,13.5,9785,109,6,0,105
641,28.58,13.2,9885,15,0,0,103
642,26.37,13.4,9861,31,8,0,106
643,25.71,13.1,9895,5,0,0,105
644,24.74,13.4,9887,12,1,0,104
645,26.48,13.3,9882,18,0,0,106
646,24.91,13.2,9896,4,0,0,106
647,25.41,13.2,9895,4,1,0,103
648,24.55,13.0,9900,0,0,0,100
649,24.98,13.0,9896,0,4,0,101
650,25.21,13.6,9860,40,0,0,110
651,24.51,13.0,9899,1,0,0,107
652,23.94,13.4,9883,15,2,0,111
653,23.76,13.1,9884,14,2,0,107
654,23.67,13.3,9878,18,4,0,109
655,23.55,13.4,9875,18,7,0,108
656,23.81,13.5,9874,11,15,0,109
657,23.84,13.4,9884,13,3,0,109
658,24.09,13.6,9864,32,4,0,107
659,24.51,13.6,9848,50,2,0,111
660,31.85,13.1,9799,100,1,0,109
661,28.23,12.9,9900,0,0,0,107
662,24.52,13.2,9713,59,128,0,112
663,24.44,13.1,9892,8,0,0,113
664,26.19,13.2,9880,14,6,0,115
665,25.89,13.1,9803,65,32,0,119
666,24.35,13.0,9900,0,0,0,108
667,25.17,13.1,9900,0,0,0,108
668,24.17,13.1,9821,0,79,0,110
669,24.84,13.2,9728,57,115,0,113
670,24.61,13.1,9896,0,4,0,103
671,24.69,13.1,9900,0,0,0,111
672,26.15,13.4,9640,41,219,0,110
673,24.51,13.1,9834,24,42,0,108
674,31.29,13.2,9875,24,1,0,108
675,25.63,13.2,9870,25,5,0,108
676,25.36,13.4,9774,31,95,0,110
677,25.45,13.5,9872,26,2,0,114
678,29.15,13.3,9895,4,1,0,111
679,28.45,13.6,9884,16,0,0,109
680,28.18,14.3,9852,24,24,0,142
681,27.49,14.2,9882,5,13,0,175
682,25.06,13.3,9894,2,4,0,142
683,25.55,13.1,9899,0,1,0,114
684,25.58,13.3,9893,2,5,0,113
685,26.45,14.1,9793,105,2,0,193
686,26.01,14.2,9728,146,26,0,182
687,27.03,14.4,9102,534,264,0,156
688,28.75,12.8,8815,980,105,0,129
689,26.79,12.0,7888,1894,118,0,137
690,22.8,11.8,9429,417,54,0,119
691,21.17,10.5,9629,43,228,0,118
692,19.34,9.9,9825,70,5,0,114
693,22.67,9.7,9738,152,10,0,111
694,18.87,9.6,9846,54,0,0,113
695,17.94,9.2,9882,18,0,0,105
696,18.72,9.4,9894,6,0,0,109
697,17.44,9.5,9900,0,0,0,116
698,17.01,9.4,9799,91,10,0,109
699,18.5,10.0,9826,50,24,0,122
700,16.88,9.4,9870,28,2,0,110
701,17.04,9.6,9861,39,0,0,115
702,21.45,9.5,9886,14,0,0,111
703,24.0,9.3,9828,65,7,0,105
704,23.81,9.2,9900,0,0,0,105
705,23.55,9.4,9900,0,0,0,110
706,20.92,9.5,9888,12,0,0,112
707,24.31,9.4,9900,0,0,0,110
708,24.31,9.5,9888,12,0,0,110
709,25.25,9.6,9889,11,0,0,113
710,25.1,9.6,9893,7,0,0,116
711,26.07,9.5,9894,6,0,0,113
712,25.27,9.4,9897,3,0,0,109
713,24.57,9.5,9899,1,0,0,112
714,24.81,9.3,9891,9,0,0,108
715,23.83,9.1,9900,0,0,0,103
716,17.35,9.2,9896,4,0,0,103
717,20.16,9.1,9900,0,0,0,101
718,22.46,9.4,9896,4,0,0,111
719,22.2,9.4,9806,94,0,0,111
720,22.23,9.2,9900,0,0,0,105
721,23.41,9.4,9891,9,0,0,111
722,17.99,9.5,9898,1,1,0,113
723,17.65,9.4,9848,42,10,0,109
724,17.47,9.3,9898,2,0,0,108
725,17.17,9.2,9899,1,0,0,105
726,17.29,9.2,9829,42,29,0,102
727,17.4,9.4,9812,88,0,0,111
728,17.39,9.4,9829,68,3,0,106
729,16.94,9.2,9837,63,0,0,103
730,17.61,9.4,9805,93,2,0,109
731,17.66,9.3,9894,6,0,0,103
732,17.11,9.1,9875,25,0,0,101
733,17.32,9.2,9862,38,0,0,103
734,17.16,9.3,9837,63,0,0,104
735,16.92,9.1,9892,8,0,0,100
736,17.73,9.4,9846,54,0,0,106
737,17.43,9.1,9893,7,0,0,101
738,17.38,9.2,9838,62,0,0,103
739,17.5,9.3,9847,53,0,0,105
740,17.57,9.4,9859,40,1,0,105
741,17.87,9.2,9896,4,0,0,105
742,17.2,9.1,9898,2,0,0,127
743,17.32,9.3,9852,48,0,0,104
744,17.26,9.3,9895,5,0,0,106
745,17.57,9.3,9880,19,1,0,105
746,17.22,9.0,9900,0,0,0,100
747,17.75,9.4,9718,182,0,0,107
748,17.54,9.2,9898,0,2,0,104
749,17.08,9.2,9851,49,0,0,102
750,16.95,9.1,9863,37,0,0,102
751,17.07,9.1,9891,7,2,0,104
752,17.01,9.2,9829,71,0,0,104
753,17.75,9.4,9555,339,6,0,114
754,17.98,9.7,9566,318,16,0,111
755,17.05,9.1,9827,72,1,0,109
756,17.24,9.2,9848,48,4,0,111
757,17.53,9.3,9899,1,0,0,113
758,17.9,9.5,9882,18,0,0,116
759,17.84,9.5,9893,7,0,0,108
760,17.84,9.6,9890,10,0,0,114
761,17.99,9.5,9892,8,0,0,117
762,18.7,9.7,9895,5,0,0,108
763,18.89,10.0,9900,0,0,0,105
764,19.46,10.3,9882,17,1,0,111
765,21.35,11.6,9823,71,6,0,112
766,23.02,12.5,9889,10,1,0,108
767,23.45,12.6,9898,2,0,0,195
768,20.33,10.9,9900,0,0,0,188
769,19.19,10.4,9896,4,0,0,169
770,16.58,9.0,9900,0,0,0,115
771,15.78,8.6,9899,1,0,0,197
772,16.39,9.0,9886,11,3,0,192
773,17.37,9.5,9895,3,2,0,174
774,21.98,11.8,9885,13,2,0,146
775,22.64,11.6,9894,0,6,0,119
776,25.65,13.1,9795,63,42,0,119
777,30.28,14.7,9454,217,227,2,116
778,33.86,17.6,9019,418,461,2,189
779,35.15,19.5,8082,659,1159,0,186
780,38.12,21.3,8075,529,1296,0,185
781,33.17,19.2,8875,743,282,0,171
782,31.8,17.9,8709,904,287,0,148
783,29.98,16.7,8996,681,223,0,145
784,30.48,17.0,9184,573,138,5,146
785,31.67,17.5,9264,518,103,15,141
786,30.36,17.0,9555,169,176,0,127
787,31.18,17.6,9500,309,91,0,124
788,32.37,18.4,9132,675,93,0,132
789,29.51,16.4,9317,494,89,0,125
790,29.42,16.7,9302,509,89,0,118
791,29.32,16.4,9472,357,71,0,119
792,30.17,17.0,9345,474,81,0,148
793,29.37,16.4,9467,277,156,0,159
794,29.0,16.1,9514,328,58,0,144
795,29.38,16.4,8842,891,156,11,133
796,27.78,15.3,9255,587,58,0,143
797,26.22,14.6,9309,528,63,0,175
798,27.75,15.3,9401,444,55,0,176
799,34.32,16.0,9069,758,73,0,166
800,41.67,16.6,9487,246,167,0,158
801,43.62,17.3,8901,738,261,0,153
802,43.04,16.7,8909,827,159,5,159
803,41.31,16.5,9083,570,236,11,149
804,42.58,16.9,9098,525,271,6,159
805,34.03,16.3,9252,409,238,1,156
806,30.25,17.1,8532,1070,295,3,154
807,29.23,16.4,9143,591,166,0,173
808,31.3,17.3,9050,704,146,0,170
809,31.03,17.7,8485,1238,177,0,159
810,31.37,17.0,8131,1586,179,4,145
811,29.75,16.7,7536,2349,15,0,143
812,29.75,17.1,7613,2167,120,0,148
813,26.64,15.8,8589,1277,34,0,156
814,25.08,14.7,9568,301,31,0,177
815,24.29,14.2,9145,600,155,0,172
816,23.77,13.8,9187,369,344,0,168
817,25.3,14.9,8779,653,468,0,144
818,23.07,13.6,9265,459,176,0,142
819,21.26,12.5,9592,257,51,0,138
820,18.45,11.1,9773,114,13,0,146
821,18.06,10.8,9854,46,0,0,120
822,16.04,9.6,9886,14,0,0,112
823,16.49,9.8,9879,21,0,0,116
824,14.96,8.9,9900,0,0,0,108
825,13.48,8.1,9900,0,0,0,103
826,13.78,8.1,9899,1,0,0,105
827,13.92,8.2,9900,0,0,0,104
828,14.05,8.4,9894,5,1,0,183
829,14.87,8.9,9859,29,12,0,183
830,16.54,9.9,9815,78,7,0,173
831,19.12,11.5,9563,255,82,0,150
832,20.56,12.3,9454,361,85,0,171
833,21.25,12.9,9315,487,98,0,152
834,23.28,14.1,8781,1057,62,0,149
835,23.12,14.1,8603,1200,97,0,155
836,23.0,14.1,9052,771,77,0,143
837,20.95,12.9,9693,187,20,0,150
838,22.27,13.6,9792,99,9,0,189
839,21.15,12.7,9711,158,31,0,154
840,22.39,13.4,9721,143,36,0,154
841,25.15,13.8,9800,52,48,0,146
842,30.89,13.1,9561,276,63,0,149
843,30.64,12.8,9838,31,31,0,146
844,30.71,12.9,9767,126,7,0,146
845,32.43,13.5,9881,8,11,0,149
846,32.34,13.6,9871,0,29,0,143
847,30.44,13.1,9892,5,3,0,137
848,31.03,13.5,9885,1,14,0,174
849,31.83,13.6,9888,1,11,0,187
850,32.72,13.5,9850,28,22,0,175
851,29.61,13.4,9829,31,40,0,178
852,27.3,13.4,9824,69,7,0,176
853,32.06,13.3,9853,35,12,0,167
854,30.15,12.7,9888,6,6,0,148
855,28.44,11.8,9892,0,8,0,172
856,27.0,10.9,9862,14,24,0,179
857,23.87,10.3,9889,4,7,0,150
858,27.69,11.8,9891,6,3,0,144
859,30.15,12.7,9894,1,5,0,167
860,29.46,12.6,9867,5,28,0,156
861,32.29,13.1,9882,12,6,0,183
862,28.94,13.0,9889,8,3,0,176
863,28.32,12.0,9891,9,0,0,165
864,26.05,10.7,9900,0,0,0,177
865,23.66,9.8,9900,0,0,0,149
866,23.54,9.5,9900,0,0,0,132
867,22.0,9.3,9900,0,0,0,122
868,22.4,9.4,9900,0,0,0,122
869,22.08,9.3,9900,0,0,0,113
870,21.86,9.1,9900,0,0,0,110
871,21.89,9.0,9900,0,0,0,111
872,23.69,9.0,9900,0,0,0,108
873,22.3,9.1,9900,0,0,0,103
874,20.24,9.1,9900,0,0,0,103
875,20.51,9.1,9900,0,0,0,105
876,21.4,9.1,9900,0,0,0,104
877,22.4,9.3,9900,0,0,0,115
878,21.69,9.3,9871,24,5,0,112
879,23.29,9.6,9794,96,10,0,127
880,22.2,9.4,9825,73,2,0,123
881,23.99,10.0,9742,154,4,0,157
882,19.17,10.1,9544,318,38,0,147
883,18.73,9.6,9841,29,30,0,115
884,22.04,9.5,9825,41,34,0,114
885,21.73,9.1,9900,0,0,0,109
886,20.8,9.0,9900,0,0,0,181
887,23.71,9.0,9890,10,0,0,194
888,22.09,8.8,9900,0,0,0,185
889,21.33,8.7,9893,7,0,0,160
890,21.13,8.2,9896,2,2,0,130
891,20.76,8.1,9900,0,0,0,120
892,19.96,8.1,9900,0,0,0,109
893,20.28,8.1,9900,0,0,0,106
894,20.15,8.1,9900,0,0,0,106
895,18.5,8.0,9900,0,0,0,104
896,14.07,8.1,9899,0,1,0,150
897,14.49,8.2,9898,0,2,0,120
898,14.33,8.2,9898,0,2,0,110
899,14.67,8.4,9890,0,10,0,119
900,14.72,8.5,9871,13,16,0,163
901,15.66,9.0,9894,6,0,0,175
902,15.77,8.7,9889,5,6,0,170
903,17.62,9.6,9896,3,1,0,152
904,19.68,11.1,9894,4,2,0,153
905,19.64,11.3,9878,0,22,0,151
906,20.99,11.8,9899,1,0,0,139
907,19.19,11.3,9883,1,16,0,155
908,20.38,11.7,9876,2,22,0,128
909,19.19,11.0,9896,0,4,0,124
910,19.15,10.7,9900,0,0,0,128
911,19.86,11.0,9900,0,0,0,121
912,19.22,10.8,9856,30,14,0,128
913,18.94,10.5,9900,0,0,0,117
914,18.81,10.7,9897,0,3,0,115
915,18.67,10.6,9900,0,0,0,121
916,17.72,10.4,9900,0,0,0,131
917,18.38,10.2,9900,0,0,0,129
918,18.29,10.5,9847,25,28,0,189
919,18.12,10.3,9787,108,5,0,169
920,17.12,9.9,9736,140,24,0,134
921,17.58,10.0,9843,52,5,0,138
922,18.07,9.9,9898,2,0,0,147
923,24.6,14.0,9900,0,0,0,182
924,24.36,14.5,9897,3,0,0,166
925,24.01,13.7,9860,40,0,0,185
926,24.81,14.2,9844,56,0,0,179
927,22.64,13.5,9813,86,1,0,175
928,22.23,12.7,9729,160,11,0,148
929,22.65,13.1,9838,32,30,0,133
930,29.35,13.1,9762,75,63,0,137
931,26.02,10.3,9846,21,33,0,132
932,21.53,9.0,9881,9,10,0,119
933,19.95,8.1,9897,0,3,0,108
934,18.42,7.5,9900,0,0,0,116
935,17.25,7.2,9900,0,0,0,106
936,17.83,7.3,9900,0,0,0,112
937,18.63,7.5,9894,5,1,0,109
938,17.79,7.2,9900,0,0,0,110
939,17.62,7.2,9900,0,0,0,112
940,18.32,7.2,9900,0,0,0,104
941,18.45,7.2,9900,0,0,0,109
942,17.23,7.0,9900,0,0,0,101
943,17.92,7.2,9892,6,2,0,106
944,16.42,7.0,9900,0,0,0,103
945,13.22,7.2,9899,1,0,0,110
946,13.62,7.4,9884,12,4,0,112
947,13.4,7.1,9900,0,0,0,112
948,13.45,7.3,9900,0,0,0,116
949,13.52,7.3,9895,0,5,0,113
950,14.99,7.1,9900,0,0,0,105
951,14.74,7.1,9900,0,0,0,106
952,14.73,7.1,9900,0,0,0,108
953,13.28,7.2,9897,2,1,0,107
954,13.91,7.3,9887,13,0,0,111
955,12.91,7.0,9900,0,0,0,99
956,12.93,7.1,9900,0,0,0,104
957,13.07,7.2,9898,2,0,0,105
958,12.99,7.0,9900,0,0,0,103
959,14.66,7.2,9897,3,0,0,106
960,14.11,7.1,9900,0,0,0,104
961,13.8,7.3,9834,41,25,0,139
962,13.64,7.2,9783,75,42,0,162
963,14.49,7.4,9560,306,34,0,126
964,14.78,8.1,8921,958,21,0,131
965,17.66,9.7,7921,1910,69,0,135
966,22.23,12.3,6165,3618,117,0,148
967,25.13,13.6,4216,5518,166,0,154
968,24.28,13.8,4942,4890,68,0,152
969,20.98,11.7,4624,5244,32,0,136
970,20.45,11.6,2892,6993,15,0,123
971,19.63,10.7,4258,5631,11,0,121
972,21.92,10.2,3677,6203,20,0,122
973,17.58,9.9,3893,5981,26,0,116
974,16.35,9.2,2731,7161,8,0,166
975,16.94,9.6,4477,5408,15,0,150
976,17.24,9.7,7071,2798,31,0,131
977,18.16,10.2,7513,2353,34,0,130
978,19.23,10.6,7399,2385,116,0,117
979,17.11,9.7,7067,2785,48,0,109
980,16.78,9.2,7442,2451,7,0,110
981,16.38,9.2,8766,1125,9,0,109
982,16.89,9.5,8461,1438,1,0,114
983,18.53,10.2,8506,1381,13,0,122
984,18.46,10.3,9420,451,29,0,163
985,18.9,10.8,9776,102,22,0,184
986,19.82,11.1,9736,137,27,0,174
987,22.26,12.4,8863,774,263,0,186
988,24.58,14.1,7628,1828,444,0,176
989,26.1,15.0,7317,1376,1207,0,172
990,25.89,14.8,6788,2201,911,0,168
991,25.74,14.4,6368,3111,421,0,158
992,25.61,14.6,6001,3562,337,0,190
993,26.21,12.9,7717,1958,225,0,175
994,29.69,12.2,7689,1911,300,0,147
995,26.29,10.8,7938,1823,139,0,136
996,35.42,15.1,8947,947,6,0,157
997,34.82,15.0,9032,848,20,0,151
998,37.51,16.2,9161,729,10,0,176
999,37.72,16.0,9696,204,0,0,174
