Generation,Zeit,Spieldauer,Stapel,Flach,Diagonal,Unentschieden,Hoechste Fitness,Durchschnittliche Fitness
0,15.04,8.0,9323,350,225,2,2332.0,741.375
1,16.84,8.0,9281,409,210,0,2384.0,782.2
2,24.36,8.6,9382,379,139,0,2570.5,884.735
3,20.4,7.7,9696,23,180,1,2723.0,712.44
4,25.66,9.8,8669,557,674,0,3179.5,1020.265
5,22.62,8.4,9691,157,52,0,1855.0,789.79
6,23.88,9.3,9290,443,167,0,2866.0,946.17
7,24.12,9.2,8430,1341,128,1,2868.0,945.785
8,23.37,9.0,9224,112,564,0,2489.5,959.39
9,24.65,9.3,7953,1875,70,2,2391.0,974.59
10,23.21,8.8,9476,52,372,0,2111.5,849.68
11,21.59,8.3,9780,78,42,0,2631.5,873.525
12,24.03,9.5,9692,116,92,0,2726.5,996.135
13,26.39,10.2,9550,189,161,0,2933.0,1111.44
14,22.93,8.9,9523,164,212,1,2682.0,900.055
15,22.65,8.8,8231,1382,287,0,2361.0,956.005
16,24.74,9.2,9651,136,109,4,2732.5,955.345
17,23.91,9.0,8545,351,999,5,2871.0,910.69
18,20.08,7.7,8420,1245,235,0,2407.0,785.35
19,28.82,11.2,9100,689,111,0,3078.0,1288.315
20,22.8,8.7,9664,101,135,0,3188.5,875.07
21,22.67,8.6,9646,169,85,0,2365.0,820.85
22,30.38,11.5,9294,285,321,0,3401.5,1350.155
23,26.92,10.0,7833,1265,800,2,2874.5,1115.445
24,22.87,8.4,9652,182,65,1,2895.5,837.95
25,22.36,8.7,9284,558,58,0,2446.5,890.415
26,24.96,9.6,9433,100,363,4,3170.0,1003.085
27,23.65,9.1,9563,264,73,0,2179.5,906.37
28,23.77,8.8,9793,59,48,0,1988.5,875.605
29,25.8,9.6,9460,57,382,1,2696.5,981.84
30,32.71,12.9,8757,140,1001,2,3383.0,1478.36
31,29.07,11.3,9385,58,456,1,3353.5,1303.57
32,24.2,9.3,6198,3236,466,0,3257.5,991.13
33,31.31,12.0,6753,2084,1004,59,2556.5,1276.405
34,25.2,9.8,9558,203,139,0,1770.0,987.975
35,25.05,9.9,8131,1634,134,1,2829.0,1074.45
36,23.9,9.0,6049,3135,716,0,2384.5,898.02
37,28.22,11.4,7987,1510,403,0,2776.5,1276.765
38,34.26,13.4,8140,1394,357,9,3200.0,1573.345
39,23.41,9.1,6627,2102,1171,0,2535.5,964.49
40,18.29,7.2,9584,61,255,0,1249.5,594.99
41,24.46,9.7,9531,218,151,0,3510.5,999.555
42,28.15,11.4,9097,107,696,0,3105.5,1300.76
43,23.26,8.8,8909,173,817,1,2713.5,914.635
44,26.92,10.3,8906,585,390,19,3241.0,1109.85
45,33.63,12.8,8302,712,881,5,3198.5,1463.355
46,33.01,12.5,8048,1681,166,5,3740.0,1418.08
47,31.5,12.1,8815,739,345,1,4018.5,1344.83
48,13.08,4.8,9813,67,20,0,2624.5,372.32
49,29.06,11.2,9195,461,244,0,3524.5,1224.2
50,30.48,11.8,8066,1314,518,2,3525.0,1380.98
51,25.68,9.9,7547,117,2236,0,3032.5,1046.24
52,31.07,12.3,7494,241,2163,2,3572.5,1440.805
53,27.03,10.7,8989,639,272,0,3343.5,1189.985
54,31.3,12.2,4872,4221,802,5,3476.5,1421.335
55,28.42,11.3,8895,480,522,3,2896.0,1232.92
56,26.46,10.3,9122,589,189,0,3325.5,1150.49
57,34.3,13.5,8139,656,1103,2,3601.5,1630.625
58,29.8,11.7,9055,388,457,0,3415.0,1307.725
59,20.71,8.2,9680,134,82,4,3418.0,735.505
60,18.72,7.4,8568,1328,2,2,2799.0,691.025
61,34.48,13.7,8442,837,619,2,3224.5,1673.285
62,29.9,12.0,6524,2425,951,0,3590.0,1409.955
63,22.92,8.9,5532,4281,87,0,3238.5,892.27
64,17.17,6.6,9744,141,15,0,2659.5,672.385
65,32.92,13.2,9121,535,242,2,3811.5,1554.055
66,32.66,13.1,8367,334,1192,7,3800.0,1561.095
67,27.37,10.6,8634,456,806,4,3335.5,1228.175
68,27.84,10.7,9556,222,122,0,2388.0,1105.785
69,28.17,10.9,8740,586,569,5,2520.5,1144.835
70,19.63,7.6,6494,3372,34,0,3042.5,700.735
71,27.34,10.9,3929,5370,599,2,3271.0,1166.645
72,30.99,11.9,6009,2673,1203,15,2913.5,1348.47
73,19.66,7.4,9229,549,122,0,1628.0,612.145
74,32.57,12.6,6332,2839,719,10,3054.5,1431.06
75,21.06,8.4,5835,528,3493,44,4086.5,732.275
76,38.88,15.4,7883,1310,697,10,4197.0,1926.65
77,25.46,10.0,7661,633,1605,1,2355.0,1002.68
78,27.68,10.8,9396,188,316,0,3543.0,1164.43
79,26.0,9.9,5045,2520,2334,1,3436.5,1099.45
80,20.38,7.8,9721,38,141,0,1746.5,708.225
81,22.01,8.5,8982,661,257,0,4450.0,790.38
82,27.83,10.7,3901,1429,4570,0,4176.0,1146.675
83,15.97,6.2,9709,37,153,1,3088.5,603.535
84,30.61,11.7,8838,943,119,0,3484.5,1312.1
85,24.37,9.3,7858,1046,996,0,1944.0,898.695
86,34.71,13.4,7851,1211,837,1,3457.5,1559.495
87,32.22,12.5,7041,2151,705,3,3745.0,1451.34
88,21.94,8.2,9614,243,43,0,3362.5,882.895
89,34.06,12.9,3603,1715,4582,0,3399.5,1514.795
90,16.59,6.0,9900,0,0,0,616.0,594.6
91,26.75,10.4,6849,2022,1029,0,3266.0,1133.64
92,32.98,12.8,7656,933,1307,4,3159.5,1471.115
93,26.39,10.1,6875,2414,611,0,3165.0,1198.355
94,27.43,10.3,8392,259,1249,0,2946.0,1134.085
95,18.68,6.9,9644,62,194,0,2043.0,659.215
96,28.94,11.1,6415,268,3217,0,2673.0,1238.89
97,27.73,10.7,2515,737,6636,12,3411.0,1201.595
98,26.46,10.3,7772,1865,260,3,2936.5,1094.865
99,26.15,10.0,5194,3935,766,5,2564.0,1031.575
100,29.76,11.1,7819,893,1178,10,3324.0,1276.91
101,17.17,6.3,9705,176,19,0,3419.0,626.105
102,26.68,9.9,8929,474,494,3,3355.0,1022.53
103,24.81,9.3,8777,1050,73,0,3572.0,1040.135
104,21.35,8.0,9900,0,0,0,3651.5,883.42
105,27.09,10.6,9028,362,508,2,2316.0,1116.82
106,21.4,8.2,9656,90,154,0,2697.0,897.085
107,22.99,8.7,9211,529,160,0,2785.0,903.855
108,15158.62,8.6,9107,462,331,0,2417.0,906.575
109,22.96,8.6,9224,574,102,0,1899.0,795.3
110,32.91,12.6,8117,845,937,1,2899.5,1491.86
111,22.82,8.6,9541,105,250,4,3981.5,835.36
112,35.23,13.5,7042,2342,504,12,3259.0,1598.115
113,17.8,6.5,2150,7129,607,14,3262.5,492.165
114,31.11,11.7,7537,1399,964,0,3186.5,1365.95
115,23.58,9.2,8860,282,758,0,2266.5,948.695
116,30.86,12.1,9003,510,387,0,3087.5,1399.14
117,24.93,9.7,9792,26,80,2,3912.0,1046.495
118,28.75,11.2,6471,2187,1242,0,3803.5,1233.955
119,28.25,11.1,5946,1787,2166,1,2884.5,1245.95
120,23.81,9.2,9132,514,253,1,3300.5,984.675
121,23.67,9.3,6732,1173,1995,0,3270.0,978.68
122,20.66,7.9,8621,1203,76,0,1605.5,855.845
123,31.58,12.5,7928,1045,924,3,3136.0,1459.46
124,19.37,7.4,5274,273,4353,0,3693.0,634.575
125,11.03,4.0,3264,6619,17,0,2196.5,234.23
126,18.71,7.3,9834,46,20,0,1676.5,633.225
127,30.37,11.8,9317,115,462,6,4005.0,1392.685
128,22.56,8.9,9678,216,6,0,2983.0,905.675
129,38.86,15.4,4917,2433,2548,2,4117.5,1879.875
130,37.14,14.6,9020,339,536,5,4577.5,1817.935
131,25.45,9.8,9428,327,145,0,2851.5,1110.88
132,26.87,10.8,7181,76,2643,0,3580.0,1187.895
133,21.83,8.3,9566,248,86,0,3046.0,837.975
134,29.85,11.5,7101,350,2433,16,3993.0,1268.68
135,28.56,11.0,8049,179,1670,2,3539.5,1240.305
136,26.16,10.2,8238,952,710,0,1745.0,1038.285
137,27.01,10.5,7266,203,2431,0,3357.5,1183.235
138,32.16,12.5,8850,413,614,23,3679.5,1489.18
139,23.47,9.0,8879,251,769,1,3313.0,963.225
140,30.54,11.5,8889,440,571,0,3554.0,1302.61
141,18.36,7.0,3447,355,6098,0,2875.5,709.16
142,26.61,10.1,5724,220,3956,0,3727.5,1041.825
143,26.2,10.2,5956,2941,1000,3,3208.5,1114.2
144,30.45,11.7,8242,1331,326,1,3692.0,1383.235
145,34.45,13.4,9504,53,340,3,3969.0,1598.575
146,20.58,8.0,9329,303,268,0,2795.5,875.14
147,36.55,14.5,6114,325,3381,80,4933.0,1733.135
148,26.79,10.3,9501,83,314,2,3762.0,1103.295
149,21.56,8.5,9473,8,419,0,3993.0,930.835
150,34.24,13.6,8009,1386,505,0,3189.0,1600.19
151,26.27,10.8,9408,157,335,0,3426.0,1216.57
152,34.98,14.2,9449,81,369,1,4209.5,1648.51
153,26.01,10.7,9900,0,0,0,2525.5,1176.375
154,18.42,7.4,988,8832,80,0,1031.5,600.64
155,32.32,13.1,7552,1014,1325,9,3706.0,1535.87
156,30.84,13.0,4624,3311,1965,0,4137.0,1571.525
157,22.79,9.5,7302,956,1642,0,3428.0,993.365
158,24.56,10.2,8566,653,679,2,3317.5,1123.02
159,28.99,11.8,7987,1577,330,6,3653.5,1391.665
160,26.89,10.6,8490,903,507,0,2978.5,1202.31
161,29.91,12.4,9452,103,345,0,2433.0,1391.19
162,33.63,14.2,6515,291,3094,0,3835.5,1722.555
163,14.06,5.7,9735,21,144,0,1882.5,382.2
164,24.13,9.8,9536,102,256,6,3663.0,1013.445
165,33.13,13.0,7913,1353,628,6,4100.0,1534.495
166,27.39,10.8,9418,87,395,0,3273.5,1210.145
167,28.19,11.3,9522,81,297,0,3400.5,1260.1
168,20.26,8.3,9346,401,152,1,3369.5,836.94
169,30.49,12.3,7247,322,2199,132,2781.0,1214.395
170,33.02,12.8,9438,91,371,0,4088.0,1543.61
171,31.97,12.8,9829,6,65,0,3883.0,1528.885
172,23.19,9.1,9795,77,28,0,3010.0,960.525
173,18.87,7.3,9843,45,12,0,1358.5,600.365
174,36.86,14.6,7037,2179,684,0,3874.5,1766.185
175,28.67,11.0,8625,1197,78,0,3758.5,1209.31
176,22.64,8.5,9103,773,17,7,3041.0,828.355
177,19.18,7.2,9783,76,41,0,3205.5,654.91
178,17.87,6.7,9888,10,2,0,3375.5,623.935
179,33.35,13.0,8486,1032,382,0,3835.0,1540.105
180,26.07,10.3,7232,149,2519,0,2035.5,1071.275
181,42.85,16.7,6935,851,2112,2,3654.0,2128.83
182,16.95,6.3,9802,0,98,0,3400.5,623.23
183,16.21,6.0,9198,677,25,0,3888.0,417.72
184,35.33,13.5,7931,1765,204,0,3995.5,1578.98
185,37.2,14.1,7563,486,1850,1,3426.5,1660.44
186,38.2,14.7,5097,3700,1103,0,3955.5,1827.315
187,25.64,9.7,3029,6201,660,10,3246.5,972.045
188,27.88,10.8,8501,826,573,0,3166.0,1224.135
189,25.01,9.4,9519,229,152,0,2727.5,1015.45
190,29.49,11.3,9548,165,187,0,2973.0,1262.655
191,17.57,6.7,9764,50,86,0,4135.0,684.81
192,30.66,11.9,9149,517,232,2,4059.5,1390.985
193,27.26,10.4,8140,558,1202,0,3575.0,1130.67
194,36.25,13.9,8968,376,556,0,3568.0,1710.58
195,31.04,12.0,7061,219,2620,0,3665.5,1388.0
196,29.0,11.3,9486,157,257,0,3476.0,1278.335
197,22.08,8.5,3308,6568,23,1,2636.0,790.475
198,19.13,7.2,9861,22,17,0,3071.5,680.455
199,35.6,13.7,8524,959,409,8,3768.5,1614.04
200,17.58,6.8,9900,0,0,0,1960.0,648.77
201,17.34,6.7,9642,85,173,0,2233.0,630.9
202,21.8,8.3,9636,191,73,0,3856.5,854.905
203,11.78,4.4,9899,0,1,0,688.0,356.475
204,14.2,5.3,9158,558,184,0,2589.0,456.515
205,25.9,9.9,8982,776,142,0,3480.0,1126.695
206,23.24,9.0,9647,37,216,0,4389.5,877.345
207,23.6,8.9,6206,3614,80,0,2536.5,849.22
208,19.05,7.5,8782,86,1032,0,1981.5,631.32
209,12.04,4.4,9808,91,1,0,1661.5,174.205
210,27.41,10.7,7492,2311,94,3,3294.5,1200.215
211,1621.93,12.4,7533,1968,398,1,3324.0,1464.97
212,17.44,6.6,7957,1846,97,0,2054.0,652.9
213,24.84,9.5,8979,787,133,1,2768.5,999.46
214,24.39,9.7,9713,32,155,0,2563.0,1017.86
215,19.64,7.8,9885,0,15,0,2671.0,785.945
216,19.65,7.8,8944,612,344,0,3809.0,688.965
217,5223.77,14.3,7033,2040,808,19,3750.0,1748.42
218,30.87,14.4,7068,890,1941,1,3776.5,1759.56
219,18.44,7.7,9545,155,200,0,3409.0,806.145
220,26.99,13.4,8729,532,639,0,3659.0,1572.115
221,30.34,11.6,7756,1097,1046,1,3757.5,1327.565
222,20.96,8.2,7875,1203,822,0,3816.5,781.33
223,21.94,8.7,9560,130,210,0,3931.5,873.23
224,19.86,7.9,9688,130,82,0,3257.5,695.76
225,23.18,9.1,8846,794,260,0,2299.5,893.575
226,29.86,11.7,9568,214,105,13,3644.0,1292.97
227,35.33,13.7,9424,149,326,1,4505.5,1640.69
228,25.87,10.3,9339,214,345,2,3986.5,1066.44
229,28.99,11.5,6143,2739,1018,0,3412.0,1360.98
230,23.14,9.1,9403,474,19,4,3193.5,888.385
231,35.08,13.6,5682,2391,1827,0,4299.5,1597.685
232,34.23,12.9,5422,3389,1087,2,3055.5,1507.6
233,16.26,6.0,9386,508,6,0,1109.0,598.415
234,24.25,9.2,3747,5420,731,2,1929.5,932.335
235,30.1,11.4,7958,1569,369,4,3174.0,1221.705
236,43.66,16.7,4552,1713,3635,0,4098.5,2065.605
237,31.07,12.7,7051,1162,1687,0,3568.0,1552.54
238,36.91,13.3,7221,349,2330,0,3565.5,1578.52
239,29.4,11.0,8520,860,516,4,2792.0,1172.555
240,30.18,11.6,8099,60,1741,0,3876.0,1298.405
241,14.92,5.7,6101,3799,0,0,753.5,347.31
242,28.58,11.1,8328,1340,231,1,2983.0,1272.73
243,15.62,5.8,9900,0,0,0,2399.0,499.31
244,30.93,11.6,8261,1095,544,0,3913.0,1366.82
245,18.81,7.0,9900,0,0,0,544.5,544.5
246,21.67,7.9,9428,276,196,0,2612.0,690.44
247,16.03,6.1,9899,0,1,0,863.0,592.635
248,20.11,7.6,9667,30,203,0,1618.0,653.87
249,22.26,7.9,9900,0,0,0,874.5,680.25
250,14.27,5.1,9884,2,14,0,3535.5,263.34
251,17.41,6.4,9900,0,0,0,3026.0,555.29
252,18.59,6.9,9857,30,13,0,3430.0,570.445
253,22.56,8.5,9182,84,634,0,2808.0,863.0
254,17.89,6.6,9472,21,407,0,1127.5,500.75
255,23.79,9.0,9732,12,156,0,2587.0,871.605
256,24.97,9.4,9814,5,81,0,3835.5,949.795
257,17.81,6.7,9879,7,14,0,2460.0,521.59
258,19.53,7.2,9890,0,10,0,2428.5,610.47
259,20.07,7.5,9900,0,0,0,3407.0,692.58
260,8.87,3.1,9898,2,0,0,250.5,-26.815
261,24.43,8.9,9808,90,2,0,3858.5,972.895
262,19.07,7.1,9896,4,0,0,2919.0,670.63
263,20.2,7.6,9178,715,7,0,2365.5,655.225
264,21.67,8.0,9900,0,0,0,1121.0,896.185
265,25.38,9.5,7839,2013,48,0,3301.5,1001.985
266,34.53,13.0,9897,2,1,0,2140.0,1438.385
267,17.5,6.4,9900,0,0,0,3513.0,480.905
268,12.35,4.4,9872,14,14,0,711.0,348.285
269,25.19,9.4,9801,47,52,0,3325.0,1012.075
270,19.32,7.2,9611,235,54,0,2384.0,596.68
271,15.6,5.7,9801,99,0,0,510.0,351.945
272,30.53,11.5,9507,126,267,0,3466.0,1290.955
273,29.64,11.2,9718,93,89,0,3212.0,1232.175
274,18.48,6.9,2210,2886,4804,0,3193.0,538.58
275,23.7,8.6,9882,0,18,0,3016.5,801.895
276,33.42,12.0,8148,1419,333,0,3496.0,1407.875
277,20.4,7.6,9900,0,0,0,1865.0,824.855
278,22.37,8.1,9832,63,5,0,2337.5,836.455
279,24.42,8.8,9890,0,10,0,3211.5,838.22
280,30.67,11.5,8950,0,950,0,3776.5,1351.015
281,24.82,9.3,9431,260,209,0,2475.0,1030.865
282,26.59,10.0,9611,4,285,0,2567.0,1047.27
283,28.65,10.6,9164,640,96,0,3818.5,1198.155
284,18.45,6.7,9900,0,0,0,1844.0,667.845
285,21.06,7.8,9742,9,149,0,1697.0,852.6
286,40.83,15.3,6545,403,2952,0,4392.5,1873.625
287,33.1,12.2,7610,1797,493,0,3760.5,1325.105
288,31.84,12.0,9746,0,154,0,3914.0,1338.41
289,24.55,9.0,9571,316,13,0,2777.5,885.005
290,23.64,8.7,9900,0,0,0,2592.5,880.46
291,44.39,16.9,9621,5,274,0,4671.0,2184.54
292,11.84,4.2,9900,0,0,0,571.0,325.11
293,30.83,11.3,9640,256,4,0,4018.5,1329.32
294,26.06,9.3,9860,23,17,0,4032.5,967.325
295,19.44,9.0,9874,0,26,0,2866.0,972.51
296,35.48,13.3,7913,1283,704,0,4429.0,1527.995
297,36.38,13.6,8847,135,918,0,4137.5,1667.3
298,27.44,9.9,7431,1004,1465,0,2984.0,982.86
299,36.51,13.6,8607,300,993,0,4941.5,1668.765
300,28.1,10.4,9762,29,109,0,3738.0,1171.92
301,32.7,12.3,9773,80,47,0,3927.0,1369.43
302,22.42,8.3,9890,0,10,0,3871.0,756.07
303,25.78,9.7,7790,131,1979,0,2970.0,1050.36
304,25.61,9.5,7014,2786,100,0,3360.5,1041.235
305,25.47,9.4,9900,0,0,0,1439.5,900.52
306,17.87,6.6,8584,1218,98,0,781.5,481.785
307,31.67,11.8,6253,3382,265,0,4048.5,1359.79
308,30.14,11.3,9808,87,5,0,3593.0,1332.295
309,18.79,7.0,9900,0,0,0,544.5,544.5
310,19.45,7.0,9405,493,2,0,597.5,551.13
311,21.53,8.1,9111,371,418,0,3024.0,752.34
312,27.58,10.5,9900,0,0,0,3232.5,1157.395
313,31.23,12.7,5445,1168,3287,0,4320.5,1536.69
314,36.25,13.2,9725,120,55,0,4155.0,1563.96
315,30.79,11.9,9436,25,439,0,4009.5,1431.515
316,26.39,10.1,9410,28,462,0,2279.0,1023.17
317,22.99,9.5,8705,371,824,0,1495.0,928.435
318,16.44,6.6,9760,0,140,0,3258.5,565.585
319,24.53,10.0,4569,82,5249,0,3386.5,1157.03
320,14.87,6.0,9860,0,40,0,1136.0,593.975
321,8.4,3.0,9900,0,0,0,-49.5,-49.5
322,35.65,13.7,8397,284,1219,0,3854.0,1639.065
323,21.04,8.1,4306,5,5589,0,3202.0,831.15
324,14.65,5.0,9900,0,0,0,269.5,247.83
325,20.14,7.3,3082,6725,93,0,1851.5,615.965
326,26.9,10.6,6224,3284,392,0,3135.0,1175.885
327,16.07,6.0,9900,0,0,0,652.0,593.01
328,28.96,10.8,8293,103,1504,0,3839.0,1150.135
329,18.37,7.0,9900,0,0,0,544.5,544.5
330,37.63,14.5,9502,45,352,1,3914.0,1790.285
331,18.61,7.1,9825,0,75,0,4075,554.145
332,23.41,8.9,9357,540,3,0,3550.0,896.85
333,35.93,13.3,9104,785,11,0,2937.5,1483.405
334,39.34,14.2,9636,134,130,0,3793.0,1634.87
335,26.32,10.1,6531,3342,27,0,2892.0,1049.635
336,43.84,16.1,5302,1617,2973,8,3751.5,1999.425
337,18.45,6.6,9900,0,0,0,1279.5,490.37
338,28.42,10.5,9837,0,63,0,4071.5,1231.53
339,16.08,5.7,6435,3465,0,0,2230.0,472.725
340,24.53,8.7,9838,19,43,0,4121.0,812.765
341,24.08,8.6,9837,61,2,0,3924.0,870.06
342,29.77,10.9,9659,193,48,0,4110.5,1148.665
343,13.83,4.9,9898,2,0,0,1283.0,424.57
344,16.92,6.0,9900,0,0,0,594.0,594.0
345,43.68,15.7,7797,1178,923,2,4393.5,1977.13
346,28.65,10.3,9666,102,132,0,2996.0,1081.72
347,31.03,11.6,9730,22,148,0,2230.0,1243.065
348,17.13,6.2,9900,0,0,0,1232.0,583.11
349,20.6,7.6,9275,2,623,0,3816.0,670.525
350,21.52,7.6,9773,46,81,0,1944.5,639.085
351,10.74,3.8,9881,0,19,0,1788.0,76.245
352,32.5,12.3,9815,45,40,0,3007.5,1343.49
353,27.51,10.3,9871,25,4,0,3210.5,1161.85
354,20.31,7.7,7919,4,1977,0,2547.5,763.92
355,31.04,11.7,9900,0,0,0,3558.0,1330.805
356,25.98,9.9,9296,13,591,0,3440.5,1028.94
357,22.22,8.4,9897,0,3,0,1511.5,947.19
358,19.47,7.3,7667,24,2209,0,3113.0,695.885
359,15.69,5.9,9874,26,0,0,3563.5,397.145
360,13.77,4.8,9708,192,0,0,2584.0,409.565
361,15.4,5.7,9702,0,198,0,3590.0,375.61
362,26.65,10.2,9466,32,402,0,3887.5,1125.975
363,12.71,4.4,907,8955,38,0,580.5,172.06
364,34.82,12.1,8327,699,866,8,4226.0,1359.87
365,25.26,8.7,9587,246,67,0,4068.0,889.585
366,29.12,10.0,9434,0,466,0,2322.0,1143.295
367,43.67,15.9,8104,493,1303,0,4194.5,1896.09
368,11.97,4.0,9900,0,0,0,355.0,297.87
369,24.81,8.9,9528,368,4,0,3793.5,1010.3
370,19.24,6.7,9882,7,11,0,2536.5,513.64
371,18.37,6.1,9895,0,5,0,3478.5,588.86
372,34.84,12.3,9793,99,8,0,4133.0,1459.79
373,25.28,9.1,9637,252,11,0,2625.0,905.045
374,19.99,7.1,9900,0,0,0,749.5,562.45
375,23.09,8.2,257,9624,19,0,2257.0,921.52
376,16.61,6.0,9603,0,297,0,594.0,594.0
377,44.68,16.5,6966,2401,439,94,5843.0,2036.735
378,33.32,13.1,7957,1738,205,0,3917.0,1559.075
379,18.52,7.0,9703,1,196,0,1140.5,548.035
380,27.16,10.4,8235,1563,102,0,3606.0,1117.32
381,24.88,9.8,8686,8,1206,0,3834.0,1041.295
382,32.88,12.2,9861,5,32,2,3877.5,1432.305
383,25.24,9.4,9900,0,0,0,2469.0,1057.48
384,30.63,11.4,6710,23,3167,0,2766.5,1272.02
385,21.65,7.8,9900,0,0,0,3006.0,820.21
386,23.48,8.8,9655,92,153,0,3680.5,846.595
387,34.69,12.2,8891,220,789,0,3968.0,1422.06
388,19.69,8.7,9900,0,0,0,2601.0,984.25
389,20.35,10.5,9668,18,214,0,3529.5,1117.475
390,24.03,12.4,7042,660,2198,0,2960.0,1369.32
391,11.23,5.4,9900,0,0,0,462.5,300.96
392,19.36,9.3,7477,12,2411,0,2859.5,974.62
393,25.81,13.2,8841,127,932,0,4272.5,1586.305
394,26.51,13.8,6709,2870,321,0,4231.0,1712.1
395,24.9,12.7,9590,284,26,0,4187.5,1433.36
396,25.42,13.3,9418,0,482,0,4112.0,1641.895
397,22.97,11.6,8507,1386,7,0,2596.0,1378.885
398,15.25,7.3,9776,124,0,0,3745.5,599.395
399,12.78,6.0,2490,7399,11,0,2764.5,435.905
400,8.82,4.0,2970,6930,0,0,1097.5,158.4
401,25.2,12.5,8730,448,722,0,3829.5,1514.745
402,16.4,8.1,9900,0,0,0,4257,894.845
403,16.11,7.9,9663,2,235,0,3897.5,787.315
404,24.03,12.4,6988,1512,1400,0,3509.0,1453.19
405,9.97,4.8,9891,0,9,0,1739.0,248.165
406,24.07,12.1,9553,22,325,0,3702.0,1435.265
407,16.93,8.7,9487,93,320,0,3280.0,972.995
408,21.91,11.2,7338,2496,66,0,2020.5,1193.53
409,13.71,6.7,9900,0,0,0,562.0,506.055
410,16.79,8.5,8754,1038,108,0,4199.5,774.615
411,15.63,7.6,9868,0,32,0,908.5,635.22
412,23.91,12.5,8112,1552,236,0,4584.5,1495.995
413,10.89,5.3,9873,17,10,0,3639.0,317.685
414,14.61,7.5,6602,3298,0,0,3070.0,726.105
415,14.41,7.4,9900,0,0,0,1449.5,653.4
416,15.31,7.9,9900,0,0,0,3148.0,753.94
417,23.89,12.7,9513,146,241,0,3987.0,1496.175
418,12.86,6.5,9669,75,156,0,1880.0,491.415
419,17.84,9.3,9416,0,484,0,2432.0,934.99
420,8.07,4.0,9900,0,0,0,496.0,302.94
421,9.73,4.7,9881,0,19,0,999.0,217.995
422,20.96,11.2,9835,31,34,0,3464.5,1310.2
423,17.3,8.8,9194,573,133,0,2682.0,856.325
424,26.5,13.2,8538,237,1124,1,4459.0,1591.845
425,20.5,10.4,5723,4,4173,0,3301.5,1082.415
426,19.45,10.0,6688,12,3200,0,3432.0,1097.475
427,17.19,8.8,6560,2833,507,0,2908.5,898.7
428,24.53,12.6,7784,1225,875,16,3413.0,1469.54
429,18.06,9.1,8796,331,773,0,3524.5,934.365
430,18.78,9.6,5760,168,3972,0,2427.0,1089.24
431,12.93,6.3,5299,41,4560,0,2182.0,538.815
432,14.54,7.4,7730,2170,0,0,1305.0,785.0
433,15.54,7.9,9900,0,0,0,3146.0,819.395
434,13.57,6.7,9748,26,126,0,2766.5,604.64
435,26.39,13.8,9285,255,360,0,3826.5,1652.82
436,18.76,9.6,9802,34,64,0,2449.0,951.73
437,21.91,11.4,8154,784,962,0,3582.0,1283.015
438,24.57,12.7,8616,7,1277,0,4105.0,1546.89
439,21.39,11.0,8569,305,1026,0,4379.5,1166.85
440,15.14,7.7,9900,0,0,0,3698.0,806.005
441,21.09,11.0,8043,42,1815,0,3706.5,1239.165
442,13.76,6.9,9209,589,102,0,2396.5,543.765
443,16.22,8.1,9236,50,614,0,2969.0,732.025
444,16.3,8.0,9532,307,61,0,3056.0,739.56
445,15.57,7.5,4308,5592,0,0,1927.5,687.965
446,19.71,9.8,9170,4,726,0,3027.5,1073.09
447,14.55,7.1,7964,480,1456,0,1348.0,588.73
448,17.25,8.4,9878,22,0,0,1275.0,940.93
449,26.14,12.9,9822,78,0,0,4281.0,1531.445
450,14.82,7.0,9900,0,0,0,692.5,548.67
451,12.18,6.1,9900,0,0,0,718.0,604.49
452,13.89,7.0,9900,0,0,0,544.5,544.5
453,30.02,15.5,7022,358,2520,0,4516.5,1869.51
454,18.47,9.6,6937,2906,57,0,3344.5,942.28
455,26.61,13.9,9837,28,35,0,3315.5,1616.44
456,18.62,9.6,9203,3,694,0,2730.5,980.45
457,15.72,7.6,9872,28,0,0,3048.0,655.125
458,26.87,13.9,7797,755,1348,0,3606.0,1623.875
459,10.46,5.0,9900,0,0,0,247.5,247.5
460,13.86,7.0,9900,0,0,0,544.5,544.5
461,24.34,12.6,7906,1759,226,9,3568.0,1513.75
462,14.09,7.0,9306,0,594,0,639.0,554.655
463,23.52,11.8,6533,3281,86,0,4087.0,1403.065
464,21.3,11.2,9900,0,0,0,1962.0,1360.175
465,22.66,11.7,8791,203,906,0,3119.0,1321.995
466,13.65,6.9,9893,6,1,0,3101.0,639.04
467,15.23,7.8,9879,21,0,0,1673.0,695.19
468,19.1,9.9,9763,2,135,0,1518.5,983.83
469,15.77,7.9,9086,7,807,0,4452.5,815.18
470,13.32,6.7,5744,55,4101,0,2637.5,602.265
471,18.97,9.7,9893,4,3,0,3623.5,1052.57
472,11.33,5.4,9900,0,0,0,3185.0,337.44
473,18.7,9.3,8232,25,1643,0,2368.5,895.85
474,14.32,7.0,9900,0,0,0,544.5,544.5
475,26.1,13.5,5052,2834,2014,0,4417.5,1620.315
476,23.65,12.2,9056,223,621,0,3806.0,1408.435
477,23.48,12.2,7826,340,1734,0,3972.0,1426.47
478,14.11,7.0,4410,5486,4,0,2811.5,569.46
479,14.09,7.0,9900,0,0,0,544.5,544.5
480,16.03,8.1,9900,0,0,0,3269.0,886.795
481,17.9,9.2,7241,531,2128,0,3551.0,943.265
482,13.99,7.0,9900,0,0,0,544.5,544.5
483,10.09,4.9,9752,122,26,0,2972.5,418.62
484,11.42,5.9,7753,2019,128,0,2569.0,423.52
485,14.03,7.0,9900,0,0,0,544.5,544.5
486,15.51,7.8,5450,4361,89,0,2082.0,745.19
487,18.74,9.3,9126,156,618,0,3683.5,987.11
488,14.43,7.3,9900,0,0,0,1450.5,619.965
489,21.98,11.3,7990,1901,7,2,4244.0,1348.885
490,9.1,4.5,9900,0,0,0,1241.0,367.93
491,11.42,5.5,9899,0,1,0,681.0,328.5
492,18.1,9.2,9632,4,264,0,2342.0,1018.545
493,22.18,10.9,9436,342,122,0,3806.5,1262.32
494,26.01,13.3,7553,250,2097,0,4242.0,1631.255
495,17.03,8.5,9854,3,43,0,3330.5,925.34
496,11.84,6.0,9894,3,3,0,1235.5,400.685
497,22.86,11.6,8833,54,1013,0,2949.0,1300.735
498,14.11,6.9,9900,0,0,0,3262.0,548.46
499,12.42,6.0,9900,0,0,0,594.0,594.0
500,22.31,11.2,7669,918,1313,0,2711.5,1196.305
501,16.1,8.0,6559,1623,1718,0,2976.0,802.77
502,14.91,7.6,9587,16,297,0,1943.0,661.82
503,18.56,9.6,6296,2213,1391,0,3818.5,991.965
504,23.1,11.9,8595,377,928,0,3087.5,1343.065
505,15.63,7.8,9660,1,239,0,1580.0,686.02
506,15.48,7.7,8675,3,1222,0,1919.0,705.55
507,18.4,9.3,9838,35,27,0,2372.5,933.285
508,21.88,11.2,4910,3574,1416,0,3306.5,1262.735
509,17.73,8.9,6809,2760,331,0,3030.0,899.52
510,21.32,11.0,8576,1161,163,0,3204.5,1229.165
511,15.62,7.9,9568,33,299,0,2929.5,690.12
512,10.35,5.0,9900,0,0,0,247.5,247.5
513,10.28,5.0,9900,0,0,0,3013.0,251.865
514,19.46,9.9,9648,26,226,0,3299.0,1130.59
515,18.62,9.2,9754,6,140,0,3653.5,1031.93
516,18.49,9.4,9803,3,94,0,2426.0,1080.785
517,21.42,11.0,7635,13,2252,0,3466.0,1264.915
518,18.16,9.1,9803,92,5,0,2667.5,916.69
519,23.57,12.2,9759,75,66,0,3778.0,1399.555
520,21.23,10.8,9692,44,164,0,2650.0,1283.705
521,17.53,8.9,9664,91,145,0,1675.0,992.375
522,15.17,7.5,9893,2,5,0,2997.0,695.09
523,20.65,10.4,8088,1805,7,0,3824.0,1153.815
524,6.86,3.1,250,9650,0,0,368.5,-37.32
525,11.48,5.6,9789,111,0,0,798.5,342.7
526,20.13,10.2,9900,0,0,0,1455.0,1216.255
527,11.19,5.4,9418,2,480,0,868.0,315.315
528,11.87,6.0,8370,1,1529,0,2972.0,555.755
529,12.28,5.9,9900,0,0,0,490.5,384.12
530,25.74,13.0,9058,656,186,0,3839.0,1466.865
531,24.1,12.4,6519,3320,61,0,4397.5,1450.165
532,21.35,10.9,9482,407,11,0,3655.0,1132.88
533,21.09,10.8,7912,188,1800,0,3742.5,1176.635
534,14.88,7.5,9900,0,0,0,1817.0,651.625
535,10.33,5.0,9900,0,0,0,247.5,247.5
536,11.08,5.4,9864,34,2,0,676.5,309.22
537,11.22,5.4,9588,187,125,0,891.5,304.31
538,13.95,7.0,9780,0,120,0,3355.0,599.21
539,19.36,9.7,9533,52,313,2,2926.5,964.49
540,19.48,9.3,9881,2,17,0,1517.5,896.36
541,14.41,7.1,9891,9,0,0,1281.0,561.05
542,22.09,11.4,9470,62,368,0,2702.5,1237.99
543,17.53,8.8,8862,10,1028,0,3514.5,885.45
544,22.49,11.6,9041,160,699,0,3905.5,1373.785
545,20.71,10.6,9335,563,2,0,3055.5,1139.7
546,24.94,12.8,7741,2159,0,0,4003.0,1515.15
547,13.82,6.8,9860,31,9,0,3575.5,705.37
548,17.59,9.1,6465,1658,1777,0,3124.0,952.485
549,24.54,12.4,4193,585,5122,0,4013.5,1487.48
550,15.35,7.6,8671,0,1229,0,1895.5,658.62
551,13.33,6.7,9795,105,0,0,864.5,507.685
552,10.71,5.2,3474,6382,44,0,1297.0,417.89
553,24.69,12.4,7689,1443,768,0,4232.0,1485.08
554,21.41,10.7,8762,1065,73,0,1849.0,1100.01
555,21.76,10.7,8864,943,93,0,3791.0,1169.055
